Carmen,Rubio
Pedro,Blanco
Sofía,Rojas
Mateo,Verde
Daisy,Palomero
Ana,Azul
Lucas,Gris
Clara,Violeta
Pablo,Moreno
Martina,Candelas
Daniel,Ortega
Valeria,Celeste
Bruno,Pizarro
Marina,Amarillo
Santiago,Oliva
Elena,Mora
Nicolás,Lila
Julia,Cerezo
Alejandro,Rosado
Isabel,Cardenal
Francisco,Haya
Valentina,Alcázar
Adrián,Laurel
Laura,Plata
Rafael,Rosa
Abril,Rubio
Javier,Carnero
Jimena,Vidal
Mario,Carrasco
Victoria,Fresno
Emiliano,Ocaña
Carolina,Sierra
Juanito,León
Gabriela,Montes
Gonzalo,Blanco
Diana,Campos
Ricardo,Pino
Paula,Cobo
Samuel,Rosales
Lorena,Oro
Diego,Barranco
Daniela,Castaño
Juan,Cruz
Belén,Soto
Hugo,Vega
Marcial,Perales
Salvador,Moreda
Elena,Nogales
Lucía,Tovar
Leandro,Rubio
Carmen,Lozano
Guillermo,Hidalgo
Sebastián,Rojo
Fernanda,Morado
